timestamp(min since Epoch),15min moving average,15min total volume
28788147,574.367256,12394.0
28788148,663.977502,79296.0
28788149,1091.729017,101722.0
28788150,1214.045509,173504.0
28788151,1669.54533,192270.0
28788152,1755.02937,271786.0
28788153,2276.459776,280164.0
28788154,2527.323929,326476.0
28788155,2989.070088,341616.0
28788156,3227.155303,384824.0
28788157,3787.640136,386406.0
28788158,4100.950504,414931.0
28788159,4672.217244,415177.0
28788160,4755.496693,463857.0
28788161,5121.999027,484975.0
28788162,5689.539637,485545.0
28788163,6996.186956,430117.0
28788164,7525.721412,432831.0
28788165,9365.625489,370479.0
28788166,9998.527626,368135.0
28788167,12809.320795,300813.0
28788168,12953.212227,311243.0
28788169,14981.96899,279801.0
28788170,15220.977364,286185.0
28788171,17321.419084,260089.0
28788172,16326.661423,285977.0
28788173,17919.832734,269162.0
28788174,16337.897331,305960.0
28788175,19048.943404,270560.0
28788176,20317.252014,261038.0
28788177,20338.443667,268332.0
28788178,21154.288024,265172.0
28788179,22122.594744,260314.0
28788180,20873.502121,283687.0
28788181,20896.345805,291376.0
28788182,22382.736222,279182.0
28788183,24573.250677,260374.0
28788184,26635.363818,245504.0
28788185,28396.208189,235029.0
28788186,27650.139481,246485.0
28788187,30900.41904,224731.0
28788188,28188.308479,251471.0
28788189,32556.575156,221635.0
28788190,30974.922231,237347.0
28788191,31953.256759,234285.0
28788192,26882.285705,284547.0
28788193,25194.881899,310671.0
28788194,24981.733189,320677.0
28788195,26999.121099,303148.0
28788196,26794.453107,312135.0
28788197,26704.242156,320053.0
28788198,25722.41311,339835.0
28788199,25558.481984,349853.0
28788200,25435.382922,359642.0
28788201,27166.19643,343977.0
28788202,27258.106108,350171.0
28788203,28646.607402,339991.0
28788204,26357.052637,377727.0
28788205,28706.322138,353869.0
28788206,26931.772736,385375.0
28788207,32655.537941,323497.0
28788208,32534.03182,330519.0
28788209,34989.172916,312437.0
28788210,34873.506327,318703.0
28788211,39097.329393,288495.0
28788212,38000.112936,301363.0
28788213,38641.514847,300815.0
28788214,38458.742698,306809.0
28788215,39999.823652,299269.0
28788216,40148.352764,302472.0
28788217,39542.321084,311616.0
28788218,41761.873066,299152.0
28788219,47126.167119,268357.0
28788220,46017.146775,278283.0
28788221,48958.109818,264657.0
28788222,47678.178844,275060.0
28788223,48256.349919,275022.0
28788224,46956.778165,286116.0
28788225,45253.803528,300680.0
28788226,43891.08713,314105.0
28788227,43993.576272,317497.0
28788228,39006.449114,363413.0
28788229,39428.875595,364805.0
28788230,31928.546058,458707.0
28788231,32691.047853,455974.0
28788232,28649.724973,530874.0
28788233,29962.580824,517474.0
28788234,25583.977974,619869.0
28788235,26791.877022,604809.0
28788236,19939.458939,836579.0
28788237,20756.067748,826362.0
28788238,20776.17115,848846.0
28788239,17626.52648,1033930.0
28788240,17275.680525,1090879.0
28788241,15298.481617,1279466.0
28788242,16008.315808,1267804.0
28788243,5038.435423,4540420.0
28788244,5625.868854,4523410.0
28788245,6327.173398,4419038.0
28788246,6914.582008,4405817.0
28788247,7632.815198,4312357.0
28788248,8204.239545,4310635.0
28788249,8988.938285,4199867.0
28788250,9557.197103,4199895.0
28788251,10736.473821,3947535.0
28788252,11328.716181,3938752.0
28788253,12079.493443,3876315.0
28788254,13332.764114,3668306.0
28788255,14246.697958,3575616.0
28788256,15679.041953,3371162.0
28788257,16296.50464,3360627.0
28788258,2374288.919375,23072.0
28788259,2347393.870934,23342.0
28788260,2659900.273796,20604.0
28788261,2221985.902106,24671.0
28788262,2472436.488202,22177.0
28788263,2381739.532921,23027.0
28788264,3179764.832466,17251.0
28788265,2934100.915959,18699.0
28788266,4220284.825264,13002.0
28788267,3955317.476234,13875.0
28788268,4404711.718961,12461.0
28788269,4372650.026649,12554.0
28788270,4503418.727491,12191.0
28788271,4355730.852695,12606.0
28788272,5168412.474207,10625.0
28788273,5064135.279126,10845.0
28788274,5394984.206106,10181.0
28788275,5005245.82294,10975.0
28788276,8131499.954397,6756.0
28788277,7868860.35753,6982.0
28788278,10085073.572818,5448.0
28788279,7710852.195776,7126.0
28788280,9725795.707335,5650.0
28788281,9721202.98278,5653.0
28788282,11606473.742538,4735.0
28788283,10112188.397798,5435.0
28788284,11065546.319532,4967.0
28788285,10841311.985898,5070.0
28788286,13065805.588712,4207.0
28788287,12031175.817125,4569.0
28788288,13284870.807349,4138.0
28788289,11886578.457111,4625.0
28788290,14695950.968485,3741.0
28788291,14043366.210985,3915.0
28788292,269291.941386,204596.0
28788293,269572.316014,204815.0
28788294,272359.387561,203143.0
28788295,272817.807157,203225.0
28788296,273211.716234,203355.0
28788297,272896.176947,204015.0
28788298,270243.179004,206452.0
28788299,269089.449072,207776.0
28788300,269379.619118,207991.0
28788301,269734.416878,208156.0
28788302,270372.738455,208102.0
28788303,270664.614589,208315.0
28788304,271777.145171,207897.0
28788305,146813.433919,386349.0
28788306,147409.500336,386276.0
28788307,307207.528421,185693.0
28788308,307966.233296,185578.0
28788309,307921.775184,185948.0
28788310,308331.219998,186044.0
28788311,309164.951267,185884.0
28788312,307089.956456,187487.0
28788313,312821.230739,184387.0
28788314,314419.353959,183782.0
28788315,315395.391139,183544.0
28788316,316197.59339,183408.0
28788317,317218.261117,183146.0
28788318,317854.155588,183107.0
28788319,317970.063698,183368.0
28788320,11191650.575516,5210.0
28788321,10535076.668219,5535.0
28788322,11029820.044061,5287.0
28788323,10872056.600817,5364.0
28788324,8622347.941906,6764.0
28788325,8484939.482111,6874.0
28788326,7859027.028548,7422.0
28788327,11138567.835991,5237.0
28788328,11263878.72439,5179.0
28788329,12232825.081054,4769.0
28788330,12269411.09955,4755.0
28788331,12239094.520876,4767.0
28788332,12206377.569872,4780.0
28788333,12454461.46318,4685.0
28788334,13068688.445689,4465.0
28788335,13950292.933487,4183.0
28788336,14061792.274334,4150.0
28788337,14058973.89439,4151.0
28788338,14521295.897711,4019.0
28788339,18875436.067448,3092.0
28788340,20558106.529582,2839.0
28788341,20867378.094255,2797.0
28788342,20897832.560069,2793.0
28788343,19955320.089262,2925.0
28788344,21869925.232857,2669.0
28788345,20728847.050386,2816.0
28788346,19419209.665935,3006.0
28788347,17456952.035174,3344.0
28788348,17220642.219203,3390.0
28788349,17364631.382174,3362.0
28788350,17267617.599395,3381.0
28788351,18481675.584703,3159.0
28788352,17433717.334442,3349.0
28788353,17549568.083793,3327.0
28788354,23515435.440777,2483.0
28788355,21610053.296317,2702.0
28788356,27285785.935378,2140.0
28788357,28195442.072415,2071.0
28788358,23689315.790124,2465.0
28788359,23330238.891556,2503.0
28788360,25106152.930206,2326.0
28788361,23894559.171233,2444.0
28788362,25817678.995309,2262.0
28788363,17360732.506979,3364.0
28788364,16516831.510152,3536.0
28788365,16410660.68191,3559.0
28788366,15760294.133933,3706.0
28788367,16434910.589387,3554.0
28788368,16361821.711211,3570.0
28788369,12054160.178954,4846.0
28788370,12010120.677837,4864.0
28788371,12102749.67265,4827.0
28788372,11644972.381075,5017.0
28788373,12370424.034295,4723.0
28788374,12106974.191413,4826.0
28788375,11733150.53637,4980.0
28788376,12517940.090761,4668.0
28788377,12908398.218949,4527.0
28788378,17649713.455234,3311.0
28788379,18417902.699443,3173.0
28788380,17613590.013287,3318.0
28788381,18530020.528694,3154.0
28788382,18902148.29616,3092.0
28788383,13329061.748587,4385.0
28788384,18231365.778448,3206.0
28788385,16169243.264093,3615.0
28788386,16094129.896544,3632.0
28788387,16319351.389749,3582.0
28788388,17351686.697087,3369.0
28788389,18377755.878183,3181.0
28788390,19461168.386677,3004.0
28788391,16665719.71824,3508.0
28788392,16921941.993688,3455.0
28788393,16628927.501073,3516.0
28788394,16923089.407775,3455.0
28788395,17595896.392312,3323.0
28788396,17859812.370184,3274.0
28788397,17997806.553149,3249.0
28788398,30298430.58765,1930.0
28788399,30267634.433539,1932.0
28788400,45226453.929868,1293.0
28788401,43673313.147768,1339.0
28788402,46412129.196528,1260.0
28788403,46858968.300917,1248.0
28788404,43642354.045712,1340.0
28788405,40165921.964356,1456.0
28788406,61109850.199203,957.0
28788407,56450497.90473,1036.0
28788408,42256866.262543,1384.0
28788409,42782940.984223,1367.0
28788410,42721007.223581,1369.0
28788411,45478841.556106,1286.0
28788412,45907782.394339,1274.0
28788413,46344875.178275,1262.0
28788414,49776936.790573,1175.0
28788415,47244430.392515,1238.0
28788416,49778104.75462,1175.0
28788417,50292291.080235,1163.0
28788418,49400851.28019,1184.0
28788419,47208484.741401,1239.0
28788420,52365217.442185,1117.0
28788421,42789118.795681,1367.0
28788422,45733739.533376,1279.0
28788423,66094865.865181,885.0
28788424,68979290.886212,848.0
28788425,72754845.799937,804.0
28788426,35069451.244595,1668.0
28788427,31500754.32841,1857.0
28788428,22717811.645014,2575.0
28788429,22806948.731251,2565.0
28788430,22159592.675124,2640.0
28788431,20363020.640014,2873.0
28788432,20499152.458908,2854.0
28788433,19900085.990652,2940.0
28788434,20435864.716612,2863.0
28788435,17784118.967149,3290.0
28788436,18838221.96275,3106.0
28788437,16921192.478668,3458.0
28788438,16819621.069686,3479.0
28788439,16776790.403888,3488.0
28788440,16620121.247704,3521.0
28788441,21860653.330445,2677.0
28788442,23597733.470428,2480.0
28788443,25313016.249172,2312.0
28788444,24694110.175867,2370.0
28788445,26315784.900401,2224.0
28788446,29440360.132466,1988.0
28788447,29381811.51982,1992.0
28788448,30216659.73429,1937.0
28788449,30516559.160172,1918.0
28788450,38457047.184401,1522.0
28788451,37641485.498257,1555.0
28788452,46307934.024367,1264.0
28788453,28693327.771689,2040.0
28788454,28142101.664577,2080.0
28788455,28878502.286781,2027.0
28788456,27861931.900881,2101.0
28788457,27928965.109989,2096.0
28788458,34618611.924883,1691.0
28788459,34763082.357692,1684.0
28788460,35266249.981077,1660.0
28788461,33225299.254895,1762.0
28788462,31904098.724055,1835.0
28788463,31680234.012443,1848.0
28788464,32185875.355787,1819.0
28788465,28490158.850294,2055.0
28788466,26906486.466279,2176.0
28788467,21015829.104054,2786.0
28788468,27894852.077246,2099.0
28788469,18066380.510433,3241.0
28788470,17136401.561785,3417.0
28788471,12926636.350468,4530.0
28788472,10107173.113641,5794.0
28788473,10000733.393439,5856.0
28788474,9808691.018634,5971.0
28788475,8374560.544195,6994.0
28788476,8375129.95817,6994.0
28788477,8345869.182513,7019.0
28788478,7750226.320292,7559.0
28788479,7087910.596751,8266.0
28788480,7331484.143159,7992.0
28788481,7580546.495119,7730.0
28788482,8315827.84361,7047.0
28788483,8480042.802879,6911.0
28788484,10248091.320676,5719.0
28788485,10583602.327993,5538.0
28788486,13602795.426989,4309.0
28788487,19268961.133725,3042.0
28788488,20713001.153924,2830.0
28788489,22062216.098734,2657.0
28788490,36096203.411136,1624.0
28788491,38617325.482615,1518.0
28788492,42448868.726708,1381.0
28788493,79758240.709749,735.0
28788494,570.4,0.0
28788495,570.4,0.0
28788496,570.4,0.0
28788497,570.4,0.0
28788498,570.4,0.0
28788499,570.4,0.0
28788500,570.4,0.0
28788501,570.4,0.0
28788502,570.4,0.0
28788503,570.4,0.0
28788504,570.4,0.0
28788505,570.4,0.0
28788506,570.4,0.0
28788507,570.4,0.0
28788508,570.4,0.0
28788509,570.4,0.0
28788510,570.4,0.0
28788511,570.4,0.0
28788512,570.4,0.0
28788513,570.4,0.0
28788514,570.4,0.0
28788515,570.4,0.0
28788516,570.4,0.0
28788517,570.4,0.0
28788518,570.4,0.0
28788519,570.4,0.0
28788520,570.4,0.0
28788521,570.4,0.0
28788522,570.4,0.0
28788523,570.4,0.0
28788524,570.4,0.0
28788525,570.4,0.0
28788526,570.4,0.0
28788527,570.4,0.0
28788528,570.4,0.0
28788529,570.4,0.0
28788530,570.4,0.0
28788531,570.4,0.0
28788532,570.4,0.0
28788533,570.4,0.0
28788534,570.4,0.0
28788535,570.4,0.0
28788536,570.4,0.0
28788537,570.4,0.0
28788538,570.4,0.0
28788539,570.4,0.0
28788540,570.4,0.0
28788541,570.4,0.0
28788542,570.4,0.0
28788543,570.4,0.0
28788544,570.4,0.0
28788545,570.4,0.0
28788546,570.4,0.0
28788547,570.4,0.0
28788548,570.4,0.0
28788549,570.4,0.0
28788550,570.4,0.0
28788551,570.4,0.0
28788552,570.4,0.0
28788553,570.4,0.0
28788554,570.4,0.0
28788555,570.4,0.0
28788556,570.4,0.0
28788557,570.4,0.0
28788558,570.4,0.0
28788559,570.4,0.0
28788560,570.4,0.0
28788561,570.4,0.0
28788562,570.4,0.0
28788563,570.4,0.0
28788564,570.4,0.0
28788565,570.4,0.0
28788566,570.4,0.0
28788567,570.4,0.0
28788568,570.4,0.0
28788569,570.4,0.0
28788570,570.4,0.0
28788571,570.4,0.0
28788572,570.4,0.0
28788573,570.4,0.0
28788574,570.4,0.0
28788575,570.4,0.0
28788576,570.4,0.0
28788577,570.4,0.0
28788578,570.4,0.0
28788579,570.4,0.0
28788580,570.4,0.0
28788581,570.4,0.0
28788582,570.4,0.0
28788583,570.4,0.0
28788584,570.4,0.0
28788585,570.4,0.0
28788586,570.4,0.0
28788587,570.4,0.0
28788588,570.4,0.0
28788589,570.4,0.0
28788590,570.4,0.0
28788591,570.4,0.0
28788592,570.4,0.0
28788593,570.4,0.0
28788594,570.4,0.0
28788595,570.4,0.0
28788596,570.4,0.0
28788597,570.4,0.0
28788598,570.4,0.0
28788599,570.4,0.0
28788600,570.4,0.0
28788601,570.4,0.0
28788602,570.4,0.0
28788603,570.4,0.0
28788604,570.4,0.0
28788605,570.4,0.0
28788606,570.4,0.0
28788607,570.4,0.0
28788608,570.4,0.0
28788609,570.4,0.0
28788610,570.4,0.0
28788611,570.4,0.0
28788612,570.4,0.0
28788613,570.4,0.0
28788614,570.4,0.0
28788615,570.4,0.0
28788616,570.4,0.0
28788617,570.4,0.0
28788618,570.4,0.0
28788619,570.4,0.0
28788620,570.4,0.0
28788621,570.4,0.0
28788622,570.4,0.0
28788623,570.4,0.0
28788624,570.4,0.0
28788625,570.4,0.0
28788626,570.4,0.0
28788627,570.4,0.0
28788628,570.4,0.0
28788629,570.4,0.0
28788630,570.4,0.0
28788631,570.4,0.0
28788632,570.4,0.0
28788633,570.4,0.0
28788634,570.4,0.0
28788635,570.4,0.0
28788636,570.4,0.0
28788637,570.4,0.0
28788638,570.4,0.0
28788639,570.4,0.0
28788640,570.4,0.0
28788641,570.4,0.0
28788642,570.4,0.0
28788643,570.4,0.0
28788644,570.4,0.0
28788645,570.4,0.0
28788646,570.4,0.0
28788647,570.4,0.0
28788648,570.4,0.0
28788649,570.4,0.0
28788650,570.4,0.0
28788651,570.4,0.0
28788652,570.4,0.0
28788653,570.4,0.0
28788654,570.4,0.0
28788655,570.4,0.0
28788656,570.4,0.0
28788657,570.4,0.0
28788658,570.4,0.0
28788659,570.4,0.0
28788660,570.4,0.0
28788661,570.4,0.0
28788662,570.4,0.0
28788663,570.4,0.0
28788664,570.4,0.0
28788665,570.4,0.0
28788666,570.4,0.0
28788667,570.4,0.0
28788668,570.4,0.0
28788669,570.4,0.0
28788670,570.4,0.0
28788671,570.4,0.0
28788672,570.4,0.0
28788673,570.4,0.0
28788674,570.4,0.0
28788675,570.4,0.0
28788676,570.4,0.0
28788677,570.4,0.0
28788678,570.4,0.0
28788679,570.4,0.0
28788680,570.4,0.0
28788681,570.4,0.0
28788682,570.4,0.0
28788683,570.4,0.0
28788684,570.4,0.0
28788685,570.4,0.0
28788686,570.4,0.0
28788687,570.4,0.0
28788688,570.4,0.0
28788689,570.4,0.0
28788690,570.4,0.0
28788691,570.4,0.0
28788692,570.4,0.0
28788693,570.4,0.0
28788694,570.4,0.0
28788695,570.4,0.0
28788696,570.4,0.0
28788697,570.4,0.0
28788698,570.4,0.0
28788699,570.4,0.0
28788700,570.4,0.0
28788701,570.4,0.0
28788702,570.4,0.0
28788703,570.4,0.0
28788704,570.4,0.0
28788705,570.4,0.0
28788706,570.4,0.0
28788707,570.4,0.0
28788708,570.4,0.0
28788709,570.4,0.0
28788710,570.4,0.0
28788711,570.4,0.0
28788712,570.4,0.0
28788713,570.4,0.0
28788714,570.4,0.0
28788715,570.4,0.0
28788716,570.4,0.0
28788717,570.4,0.0
28788718,570.4,0.0
28788719,570.4,0.0
28788720,570.4,0.0
28788721,570.4,0.0
28788722,570.4,0.0
28788723,570.4,0.0
28788724,570.4,0.0
28788725,570.4,0.0
28788726,570.4,0.0
28788727,570.4,0.0
28788728,570.4,0.0
28788729,570.4,0.0
28788730,570.4,0.0
28788731,570.4,0.0
28788732,570.4,0.0
28788733,570.4,0.0
28788734,570.4,0.0
28788735,570.4,0.0
28788736,570.4,0.0
28788737,570.4,0.0
28788738,570.4,0.0
28788739,570.4,0.0
28788740,570.4,0.0
28788741,570.4,0.0
28788742,570.4,0.0
28788743,570.4,0.0
28788744,570.4,0.0
28788745,570.4,0.0
28788746,570.4,0.0
28788747,570.4,0.0
28788748,570.4,0.0
28788749,570.4,0.0
28788750,570.4,0.0
28788751,570.4,0.0
28788752,570.4,0.0
28788753,570.4,0.0
28788754,570.4,0.0
28788755,570.4,0.0
28788756,570.4,0.0
28788757,570.4,0.0
28788758,570.4,0.0
28788759,570.4,0.0
28788760,570.4,0.0
28788761,570.4,0.0
28788762,570.4,0.0
28788763,570.4,0.0
28788764,570.4,0.0
28788765,570.4,0.0
28788766,570.4,0.0
28788767,570.4,0.0
28788768,570.4,0.0
28788769,570.4,0.0
28788770,570.4,0.0
28788771,570.4,0.0
28788772,570.4,0.0
28788773,570.4,0.0
28788774,570.4,0.0
28788775,570.4,0.0
28788776,570.4,0.0
28788777,570.4,0.0
28788778,570.4,0.0
28788779,570.4,0.0
28788780,570.4,0.0
28788781,570.4,0.0
28788782,570.4,0.0
28788783,570.4,0.0
28788784,570.4,0.0
28788785,570.4,0.0
28788786,570.4,0.0
28788787,570.4,0.0
28788788,570.4,0.0
28788789,570.4,0.0
28788790,570.4,0.0
28788791,570.4,0.0
28788792,570.4,0.0
28788793,570.4,0.0
28788794,570.4,0.0
28788795,570.4,0.0
28788796,570.4,0.0
28788797,570.4,0.0
28788798,570.4,0.0
28788799,570.4,0.0
28788800,570.4,0.0
28788801,570.4,0.0
28788802,570.4,0.0
28788803,570.4,0.0
28788804,570.4,0.0
28788805,570.4,0.0
28788806,570.4,0.0
28788807,570.4,0.0
28788808,570.4,0.0
28788809,570.4,0.0
28788810,570.4,0.0
28788811,570.4,0.0
28788812,570.4,0.0
28788813,570.4,0.0
28788814,570.4,0.0
28788815,570.4,0.0
28788816,570.4,0.0
28788817,570.4,0.0
28788818,570.4,0.0
28788819,570.4,0.0
28788820,570.4,0.0
28788821,570.4,0.0
28788822,570.4,0.0
28788823,570.4,0.0
28788824,570.4,0.0
28788825,570.4,0.0
28788826,570.4,0.0
28788827,570.4,0.0
28788828,570.4,0.0
28788829,570.4,0.0
28788830,570.4,0.0
28788831,570.4,0.0
28788832,570.4,0.0
28788833,570.4,0.0
28788834,570.4,0.0
28788835,570.4,0.0
28788836,570.4,0.0
28788837,570.4,0.0
28788838,570.4,0.0
28788839,570.4,0.0
28788840,570.4,0.0
28788841,570.4,0.0
28788842,570.4,0.0
28788843,570.4,0.0
28788844,570.4,0.0
28788845,570.4,0.0
28788846,570.4,0.0
28788847,570.4,0.0
28788848,570.4,0.0
28788849,570.4,0.0
28788850,570.4,0.0
28788851,570.4,0.0
28788852,570.4,0.0
28788853,570.4,0.0
28788854,570.4,0.0
28788855,570.4,0.0
28788856,570.4,0.0
28788857,570.4,0.0
28788858,570.4,0.0
28788859,570.4,0.0
28788860,570.4,0.0
28788861,570.4,0.0
28788862,570.4,0.0
28788863,570.4,0.0
28788864,570.4,0.0
28788865,570.4,0.0
28788866,570.4,0.0
28788867,570.4,0.0
28788868,570.4,0.0
28788869,570.4,0.0
28788870,570.4,0.0
28788871,570.4,0.0
28788872,570.4,0.0
28788873,570.4,0.0
28788874,570.4,0.0
28788875,570.4,0.0
28788876,570.4,0.0
28788877,570.4,0.0
28788878,570.4,0.0
28788879,570.4,0.0
28788880,570.4,0.0
28788881,570.4,0.0
28788882,570.4,0.0
28788883,570.4,0.0
28788884,570.4,0.0
28788885,570.4,0.0
28788886,570.4,0.0
28788887,570.4,0.0
28788888,570.4,0.0
28788889,570.4,0.0
28788890,570.4,0.0
28788891,570.4,0.0
28788892,570.4,0.0
28788893,570.4,0.0
28788894,570.4,0.0
28788895,570.4,0.0
28788896,570.4,0.0
28788897,570.4,0.0
28788898,570.4,0.0
28788899,570.4,0.0
28788900,570.4,0.0
28788901,570.4,0.0
28788902,570.4,0.0
28788903,570.4,0.0
28788904,570.4,0.0
28788905,570.4,0.0
28788906,570.4,0.0
28788907,570.4,0.0
28788908,570.4,0.0
28788909,570.4,0.0
28788910,570.4,0.0
28788911,570.4,0.0
28788912,570.4,0.0
28788913,570.4,0.0
28788914,570.4,0.0
28788915,570.4,0.0
28788916,570.4,0.0
28788917,570.4,0.0
28788918,570.4,0.0
28788919,570.4,0.0
28788920,570.4,0.0
28788921,570.4,0.0
28788922,570.4,0.0
28788923,570.4,0.0
28788924,570.4,0.0
28788925,570.4,0.0
28788926,570.4,0.0
28788927,570.4,0.0
28788928,570.4,0.0
28788929,570.4,0.0
28788930,570.4,0.0
28788931,570.4,0.0
28788932,570.4,0.0
28788933,570.4,0.0
28788934,570.4,0.0
28788935,570.4,0.0
28788936,570.4,0.0
28788937,570.4,0.0
28788938,570.4,0.0
28788939,570.4,0.0
28788940,570.4,0.0
28788941,570.4,0.0
28788942,570.4,0.0
28788943,570.4,0.0
28788944,570.4,0.0
28788945,570.4,0.0
28788946,570.4,0.0
28788947,570.4,0.0
28788948,570.4,0.0
28788949,570.4,0.0
28788950,570.4,0.0
28788951,570.4,0.0
28788952,570.4,0.0
28788953,570.4,0.0
28788954,570.4,0.0
28788955,570.4,0.0
28788956,570.4,0.0
28788957,570.4,0.0
28788958,570.4,0.0
28788959,570.4,0.0
28788960,33945165.49467,1727.0
28788961,13787806.059472,4252.0
28788962,9370202.899133,6257.0
28788963,7050764.24934,8316.0
28788964,7009201.563254,8366.0
28788965,5679896.868474,10325.0
28788966,4898675.470943,11973.0
28788967,4821144.051601,12167.0
28788968,4552362.363396,12887.0
28788969,4461891.997266,13150.0
28788970,4333630.571235,13541.0
28788971,4235076.235834,13858.0
28788972,4072008.541801,14415.0
28788973,3973637.956018,14774.0
28788974,3851700.522025,15244.0
28788975,4221360.948184,13911.0
28788976,4779884.888064,12287.0
28788977,5499682.719248,10680.0
28788978,6627000.208312,8864.0
28788979,6588188.732356,8917.0
28788980,7015130.302229,8375.0
28788981,8032254.518173,7315.0
28788982,8230853.859129,7139.0
28788983,8334156.699357,7051.0
28788984,8346570.994074,7041.0
28788985,8338858.969479,7048.0
28788986,6308646.681948,9317.0
28788987,6238920.093818,9422.0
28788988,5907833.887163,9951.0
28788989,6130802.537902,9590.0
28788990,6368431.860529,9233.0
28788991,6956656.288525,8453.0
28788992,7188527.407132,8181.0
28788993,7316992.6963,8038.0
28788994,6679431.765434,8806.0
28788995,7058302.495075,8334.0
28788996,7493113.116046,7851.0
28788997,7442504.793964,7905.0
28788998,8007246.591051,7348.0
28788999,7913064.341921,7436.0
28789000,8089875.081149,7274.0
28789001,10102852.95431,5825.0
28789002,11367995.180648,5177.0
28789003,13467880.352493,4370.0
28789004,12341663.5544,4769.0
28789005,12017195.646704,4898.0
28789006,12111735.193678,4860.0
28789007,12429427.811667,4736.0
28789008,12445772.435667,4730.0
28789009,15192449.705142,3875.0
28789010,20011027.228109,2942.0
28789011,19749803.411622,2981.0
28789012,15650275.487117,3762.0
28789013,15930322.140332,3696.0
28789014,17042102.883269,3455.0
28789015,16493704.918576,3570.0
28789016,22440564.457468,2624.0
28789017,22381436.623461,2631.0
28789018,19701333.287275,2989.0
28789019,23489721.738718,2507.0
28789020,25080957.335969,2348.0
28789021,26000616.035239,2265.0
28789022,26024172.187201,2263.0
28789023,27152583.559099,2169.0
28789024,27354944.998214,2153.0
28789025,27508842.827999,2141.0
28789026,29493032.20138,1997.0
28789027,51484480.709533,1144.0
28789028,51893305.165705,1135.0
28789029,56907728.589232,1035.0
28789030,86110956.392084,684.0
28789031,119472979.653094,493.0
28789032,124789092.45321,472.0
28789033,1784862748.830767,33.0
28789034,8414353536.723616,7.0
28789035,577.95,0.0
28789036,577.95,0.0
28789037,577.95,0.0
28789038,577.95,0.0
28789039,577.95,0.0
28789040,577.95,0.0
28789041,577.95,0.0
28789042,577.95,0.0
28789043,577.95,0.0
28789044,577.95,0.0
28789045,577.95,0.0
28789046,577.95,0.0
28789047,577.95,0.0
28789048,577.95,0.0
28789049,577.95,0.0
28789050,577.95,0.0
28789051,577.95,0.0
28789052,577.95,0.0
28789053,577.95,0.0
28789054,577.95,0.0
28789055,577.95,0.0
28789056,577.95,0.0
28789057,577.95,0.0
28789058,577.95,0.0
28789059,577.95,0.0
28789060,577.95,0.0
28789061,577.95,0.0
28789062,577.95,0.0
28789063,577.95,0.0
28789064,577.95,0.0
28789065,577.95,0.0
28789066,577.95,0.0
28789067,577.95,0.0
28789068,577.95,0.0
28789069,577.95,0.0
28789070,577.95,0.0
28789071,577.95,0.0
28789072,433092303.079892,136.0
28789073,433092880.004892,136.0
28789074,230081169.315099,256.0
28789075,184065512.257267,320.0
28789076,92612155.345386,636.0
28789077,82960197.735303,710.0
28789078,70795937.984622,832.0
28789079,46453432.263395,1268.0
28789080,44624025.621489,1320.0
28789081,43375918.602095,1358.0
28789082,42500214.477378,1386.0
28789083,29075254.913645,2026.0
28789084,28131649.901512,2094.0
28789085,26752473.044843,2202.0
28789086,25590909.685832,2302.0
28789087,26632708.244288,2212.0
28789088,15121611.556295,3896.0
28789089,15577995.99925,3782.0
28789090,15829695.999179,3722.0
28789091,17218031.291451,3422.0
28789092,17269071.470125,3412.0
28789093,17748189.012315,3320.0
28789094,20083735.629504,2934.0
28789095,18153898.105313,3246.0
28789096,17081027.215399,3450.0
28789097,16181121.732423,3642.0
28789098,17435975.024599,3380.0
28789099,16173352.956006,3644.0
28789100,15972310.93779,3690.0
28789101,14846377.388178,3970.0
28789102,14553692.665043,4050.0
28789103,23539896.403037,2504.0
28789104,22260358.403756,2648.0
28789105,21623992.1337,2726.0
28789106,21704186.411239,2716.0
28789107,12967706.728536,4546.0
28789108,12226042.867475,4822.0
28789109,12252027.614278,4812.0
28789110,13055660.811622,4516.0
28789111,13067812.359522,4512.0
28789112,13706288.541456,4302.0
28789113,13630825.52676,4326.0
28789114,10753121.46166,5484.0
28789115,11047808.293396,5338.0
28789116,11402975.14432,5172.0
28789117,11234137.009872,5250.0
28789118,11082730.685987,5322.0
28789119,9085958.341473,6492.0
28789120,8485336.029339,6952.0
28789121,8461572.311016,6972.0
28789122,11127337.593607,5302.0
28789123,11298383.663517,5222.0
28789124,10141546.827134,5818.0
28789125,10219406.648813,5774.0
28789126,10598072.841642,5568.0
28789127,7264249.454732,8124.0
28789128,7401475.937756,7974.0
28789129,8367372.381994,7054.0
28789130,7868272.405879,7502.0
28789131,7001026.170224,8432.0
28789132,6913066.557937,8540.0
28789133,6744647.948193,8754.0
28789134,7724629.415466,7644.0
28789135,4240637.910881,13926.0
28789136,4127421.538768,14310.0
28789137,4136091.93412,14282.0
28789138,4105628.254836,14390.0
28789139,4296055.597678,13754.0
28789140,4304143.69413,13730.0
28789141,4314777.241313,13698.0
28789142,4109004.558019,14386.0
28789143,3788846.667847,15604.0
28789144,3048689.195248,19396.0
28789145,2558870.539914,23114.0
28789146,2550622.430026,23194.0
28789147,2477306.338903,23886.0
28789148,2504722.537679,23630.0
28789149,2173519.739093,27238.0
28789150,2848486.312024,20788.0
28789151,2886547.407361,20518.0
28789152,2859811.664483,20714.0
28789153,2673778.537272,22160.0
28789154,2587276.548677,22906.0
28789155,2430033.610147,24394.0
28789156,2398370.379663,24722.0
28789157,2607987.738176,22740.0
28789158,2493039.366742,23794.0
28789159,2864864.139712,20710.0
28789160,3430927.579115,17296.0
28789161,3391510.203621,17500.0
28789162,3366697.467596,17632.0
28789163,2678142.159851,22170.0
28789164,3126204.53151,18996.0
28789165,3151329.874161,18848.0
28789166,3081296.641827,19280.0
28789167,2970947.459279,20000.0
28789168,3028140.414598,19626.0
28789169,2655611.730924,22384.0
28789170,2309231.436031,25748.0
28789171,1971477.397848,30168.0
28789172,1854669.213849,32078.0
28789173,1707627.712169,34852.0
28789174,1356874.137009,43880.0
28789175,1331727.904833,44728.0
28789176,1373879.104742,43374.0
28789177,1390999.156943,42858.0
28789178,1554035.42392,38376.0
28789179,1525059.229452,39120.0
28789180,1501467.574732,39750.0
28789181,1509715.768478,39548.0
28789182,1553972.833701,38436.0
28789183,1529022.329822,39078.0
28789184,1595048.41893,37474.0
28789185,1793944.088727,33330.0
28789186,1881309.031427,31792.0
28789187,2045245.608611,29252.0
28789188,2342165.386229,25550.0
28789189,3926210.601917,15244.0
28789190,4389780.853438,13636.0
28789191,4414312.502742,13562.0
28789192,4626363.892235,12942.0
28789193,4157368.955085,14404.0
28789194,4323618.476472,13852.0
28789195,4312368.976743,13890.0
28789196,4366381.066295,13720.0
28789197,4061502.74008,14752.0
28789198,4704244.127319,12738.0
28789199,5330827.99572,11242.0
28789200,521783.085864,114982.0
28789201,513677.350701,116928.0
28789202,505880.487901,118866.0
28789203,498079.507082,120868.0
28789204,494384.262449,121914.0
28789205,485698.869649,124242.0
28789206,460021.481522,131342.0
28789207,442659.542015,136672.0
28789208,442003.942366,137054.0
28789209,432540.598161,140240.0
28789210,433971.727395,139964.0
28789211,430142.67907,141400.0
28789212,430089.055972,141608.0
28789213,426183.019274,143100.0
28789214,421879.881047,144758.0
28789215,1435437.484952,42562.0
28789216,1604881.98394,38082.0
28789217,1643070.001462,37210.0
28789218,1666844.335548,36692.0
28789219,1697954.26005,36032.0
28789220,1791581.976598,34160.0
28789221,1664899.960284,36772.0
28789222,1595059.453712,38396.0
28789223,1666444.378467,36764.0
28789224,1769918.078496,34626.0
28789225,1774697.725405,34544.0
28789226,1777230.363504,34506.0
28789227,1803939.723903,34006.0
28789228,1434269.292719,42788.0
28789229,1420314.333517,43226.0
28789230,886731.966568,69282.0
28789231,842124.486585,73002.0
28789232,804953.158741,76428.0
28789233,789005.172493,78030.0
28789234,753403.71091,81780.0
28789235,707072.332742,87210.0
28789236,774412.707029,79686.0
28789237,798378.43848,77350.0
28789238,729383.250704,84734.0
28789239,714772.909399,86536.0
28789240,712144.140914,86926.0
28789241,680630.825341,91028.0
28789242,672732.018632,92176.0
28789243,739070.650771,83968.0
28789244,752307.636672,82554.0
28789245,1098322.693806,56576.0
28789246,1145611.961158,54268.0
28789247,1233915.308759,50408.0
28789248,1355975.678301,45890.0
28789249,1469343.505432,42366.0
28789250,1649852.050248,37744.0
28789251,1659042.033599,37548.0
28789252,1819478.415807,34248.0
28789253,2305582.403537,27034.0
28789254,2559664.399423,24356.0
28789255,2605373.692286,23934.0
28789256,2931990.637853,21272.0
28789257,3081152.001555,20246.0
28789258,3265231.545312,19108.0
28789259,3392924.730503,18392.0
28789260,3525355.918952,17704.0
28789261,3169710.601173,19694.0
28789262,2974578.786536,20990.0
28789263,2297215.988008,27186.0
28789264,2218967.620331,28152.0
28789265,2230316.978295,28016.0
28789266,2250165.822359,27776.0
28789267,1926992.588983,32444.0
28789268,1743422.972766,35872.0
28789269,1707177.770138,36646.0
28789270,1609580.16035,38882.0
28789271,1709114.218588,36630.0
28789272,1727131.766302,36260.0
28789273,1612235.359591,38858.0
28789274,1559301.7351,40192.0
28789275,1591950.667795,39382.0
28789276,1341974.273167,46738.0
28789277,1401104.34059,44784.0
28789278,1568861.882529,40010.0
28789279,1603165.461934,39168.0
28789280,1274419.767786,49294.0
28789281,1165098.333246,53946.0
28789282,1229267.035761,51154.0
28789283,1261291.922078,49878.0
28789284,1216948.451627,51720.0
28789285,1144701.70036,55012.0
28789286,1142538.850393,55144.0
28789287,819791.928362,76908.0
28789288,569463.208415,110828.0
28789289,503224.356386,125560.0
28789290,65688.702049,970382.0
28789291,59603.056485,1079881.0
28789292,53059.718709,1226342.0
28789293,48819.997668,1348726.0
28789294,43822.672212,1522500.0
28789295,42300.155525,1599031.0
28789296,43045.110877,1592627.0
28789297,43706.471966,1589433.0
28789298,44357.300978,1586675.0
28789299,45033.697663,1583051.0
28789300,45780.790344,1577019.0
28789301,46382.295167,1576101.0
28789302,47621.442517,1553845.0
28789303,49373.289249,1516365.0
28789304,50489.096799,1499929.0
28789305,116320.82908,654275.0
28789306,143270.48676,533342.0
28789307,198397.708146,386265.0
28789308,292742.18945,262295.0
28789309,875267.185978,87785.0
28789310,576.345,0.0
28789311,576.345,0.0
28789312,576.345,0.0
28789313,576.345,0.0
28789314,576.345,0.0
28789315,576.345,0.0
28789316,576.345,0.0
28789317,576.345,0.0
28789318,576.345,0.0
28789319,576.345,0.0
28789320,576.345,0.0
28789321,576.345,0.0
28789322,576.345,0.0
28789323,576.345,0.0
28789324,576.345,0.0
28789325,576.345,0.0
28789326,576.345,0.0
28789327,576.345,0.0
28789328,576.345,0.0
28789329,576.345,0.0
28789330,576.345,0.0
28789331,576.345,0.0
28789332,576.345,0.0
28789333,576.345,0.0
28789334,576.345,0.0
28789335,576.345,0.0
28789336,576.345,0.0
28789337,576.345,0.0
28789338,576.345,0.0
28789339,576.345,0.0
28789340,576.345,0.0
28789341,576.345,0.0
28789342,576.345,0.0
28789343,576.345,0.0
28789344,576.345,0.0
28789345,576.345,0.0
28789346,576.345,0.0
28789347,576.345,0.0
28789348,576.345,0.0
28789349,576.345,0.0
28789350,576.345,0.0
28789351,576.345,0.0
28789352,576.345,0.0
28789353,576.345,0.0
28789354,576.345,0.0
28789355,576.345,0.0
28789356,576.345,0.0
28789357,576.345,0.0
28789358,576.345,0.0
28789359,576.345,0.0
28789360,576.345,0.0
28789361,576.345,0.0
28789362,576.345,0.0
28789363,576.345,0.0
28789364,576.345,0.0
28789365,576.345,0.0
28789366,576.345,0.0
28789367,576.345,0.0
28789368,576.345,0.0
28789369,576.345,0.0
28789370,576.345,0.0
28789371,576.345,0.0
28789372,576.345,0.0
28789373,576.345,0.0
28789374,576.345,0.0
28789375,576.345,0.0
28789376,576.345,0.0
28789377,576.345,0.0
28789378,576.345,0.0
28789379,576.345,0.0
28789380,576.345,0.0
28789381,576.345,0.0
28789382,576.345,0.0
28789383,576.345,0.0
28789384,576.345,0.0
28789385,576.345,0.0
28789386,576.345,0.0
28789387,576.345,0.0
28789388,576.345,0.0
28789389,576.345,0.0
28789390,576.345,0.0
28789391,576.345,0.0
28789392,576.345,0.0
28789393,576.345,0.0
28789394,576.345,0.0
28789395,576.345,0.0
28789396,576.345,0.0
28789397,576.345,0.0
28789398,576.345,0.0
28789399,576.345,0.0
28789400,576.345,0.0
28789401,576.345,0.0
28789402,576.345,0.0
28789403,576.345,0.0
28789404,576.345,0.0
28789405,576.345,0.0
28789406,576.345,0.0
28789407,576.345,0.0
28789408,576.345,0.0
28789409,576.345,0.0
28789410,576.345,0.0
28789411,576.345,0.0
28789412,576.345,0.0
28789413,576.345,0.0
28789414,576.345,0.0
28789415,576.345,0.0
28789416,576.345,0.0
28789417,576.345,0.0
28789418,576.345,0.0
28789419,576.345,0.0
28789420,576.345,0.0
28789421,576.345,0.0
28789422,576.345,0.0
28789423,576.345,0.0
28789424,576.345,0.0
28789425,576.345,0.0
28789426,576.345,0.0
28789427,576.345,0.0
28789428,576.345,0.0
28789429,576.345,0.0
28789430,576.345,0.0
28789431,576.345,0.0
28789432,576.345,0.0
28789433,576.345,0.0
28789434,576.345,0.0
28789435,576.345,0.0
28789436,576.345,0.0
28789437,576.345,0.0
28789438,576.345,0.0
28789439,576.345,0.0
28789440,576.345,0.0
28789441,576.345,0.0
28789442,576.345,0.0
28789443,576.345,0.0
28789444,576.345,0.0
28789445,576.345,0.0
28789446,576.345,0.0
28789447,576.345,0.0
28789448,576.345,0.0
28789449,576.345,0.0
28789450,576.345,0.0
28789451,576.345,0.0
28789452,576.345,0.0
28789453,576.345,0.0
28789454,576.345,0.0
28789455,576.345,0.0
28789456,576.345,0.0
28789457,576.345,0.0
28789458,576.345,0.0
28789459,576.345,0.0
28789460,576.345,0.0
28789461,576.345,0.0
28789462,576.345,0.0
28789463,576.345,0.0
28789464,576.345,0.0
28789465,576.345,0.0
28789466,576.345,0.0
28789467,576.345,0.0
28789468,576.345,0.0
28789469,576.345,0.0
28789470,576.345,0.0
28789471,576.345,0.0
28789472,576.345,0.0
28789473,576.345,0.0
28789474,576.345,0.0
28789475,576.345,0.0
28789476,576.345,0.0
28789477,576.345,0.0
28789478,576.345,0.0
28789479,576.345,0.0
28789480,576.345,0.0
28789481,576.345,0.0
28789482,576.345,0.0
28789483,576.345,0.0
28789484,576.345,0.0
28789485,576.345,0.0
28789486,576.345,0.0
28789487,576.345,0.0
28789488,576.345,0.0
28789489,576.345,0.0
28789490,576.345,0.0
28789491,576.345,0.0
28789492,576.345,0.0
28789493,576.345,0.0
28789494,576.345,0.0
28789495,576.345,0.0
28789496,576.345,0.0
28789497,576.345,0.0
28789498,576.345,0.0
28789499,576.345,0.0
28789500,576.345,0.0
28789501,576.345,0.0
28789502,576.345,0.0
28789503,576.345,0.0
28789504,576.345,0.0
28789505,576.345,0.0
28789506,576.345,0.0
28789507,576.345,0.0
28789508,576.345,0.0
28789509,576.345,0.0
28789510,576.345,0.0
28789511,576.345,0.0
28789512,576.345,0.0
28789513,576.345,0.0
28789514,576.345,0.0
28789515,576.345,0.0
28789516,576.345,0.0
28789517,576.345,0.0
28789518,576.345,0.0
28789519,576.345,0.0
28789520,576.345,0.0
28789521,576.345,0.0
28789522,576.345,0.0
28789523,576.345,0.0
28789524,576.345,0.0
28789525,576.345,0.0
28789526,576.345,0.0
28789527,576.345,0.0
28789528,576.345,0.0
28789529,576.345,0.0
28789530,576.345,0.0
28789531,576.345,0.0
28789532,576.345,0.0
28789533,576.345,0.0
28789534,576.345,0.0
28789535,576.345,0.0
28789536,576.345,0.0
28789537,576.345,0.0
28789538,576.345,0.0
28789539,576.345,0.0
28789540,576.345,0.0
28789541,576.345,0.0
28789542,576.345,0.0
28789543,576.345,0.0
28789544,576.345,0.0
28789545,576.345,0.0
28789546,576.345,0.0
28789547,576.345,0.0
28789548,576.345,0.0
28789549,576.345,0.0
28789550,576.345,0.0
28789551,576.345,0.0
28789552,576.345,0.0
28789553,576.345,0.0
28789554,576.345,0.0
28789555,576.345,0.0
28789556,576.345,0.0
28789557,576.345,0.0
28789558,576.345,0.0
28789559,576.345,0.0
28789560,576.345,0.0
28789561,576.345,0.0
28789562,576.345,0.0
28789563,576.345,0.0
28789564,576.345,0.0
28789565,576.345,0.0
28789566,576.345,0.0
28789567,576.345,0.0
28789568,576.345,0.0
28789569,576.345,0.0
28789570,576.345,0.0
28789571,576.345,0.0
28789572,576.345,0.0
28789573,576.345,0.0
28789574,576.345,0.0
28789575,576.345,0.0
28789576,576.345,0.0
28789577,576.345,0.0
28789578,576.345,0.0
28789579,576.345,0.0
28789580,576.345,0.0
28789581,576.345,0.0
28789582,576.345,0.0
28789583,576.345,0.0
28789584,576.345,0.0
28789585,576.345,0.0
28789586,576.345,0.0
28789587,576.345,0.0
28789588,576.345,0.0
28789589,576.345,0.0
28789590,576.345,0.0
28789591,576.345,0.0
28789592,576.345,0.0
28789593,576.345,0.0
28789594,576.345,0.0
28789595,576.345,0.0
28789596,576.345,0.0
28789597,576.345,0.0
28789598,576.345,0.0
28789599,576.345,0.0
28789600,576.345,0.0
28789601,576.345,0.0
28789602,576.345,0.0
28789603,576.345,0.0
28789604,576.345,0.0
28789605,576.345,0.0
28789606,576.345,0.0
28789607,576.345,0.0
28789608,576.345,0.0
28789609,576.345,0.0
28789610,576.345,0.0
28789611,576.345,0.0
28789612,576.345,0.0
28789613,576.345,0.0
28789614,576.345,0.0
28789615,576.345,0.0
28789616,576.345,0.0
28789617,576.345,0.0
28789618,576.345,0.0
28789619,576.345,0.0
28789620,576.345,0.0
28789621,576.345,0.0
28789622,576.345,0.0
28789623,576.345,0.0
28789624,576.345,0.0
28789625,576.345,0.0
28789626,576.345,0.0
28789627,576.345,0.0
28789628,576.345,0.0
28789629,576.345,0.0
28789630,576.345,0.0
28789631,576.345,0.0
28789632,576.345,0.0
28789633,576.345,0.0
28789634,576.345,0.0
28789635,576.345,0.0
28789636,576.345,0.0
28789637,576.345,0.0
28789638,576.345,0.0
28789639,576.345,0.0
28789640,576.345,0.0
28789641,576.345,0.0
28789642,576.345,0.0
28789643,576.345,0.0
28789644,576.345,0.0
28789645,576.345,0.0
28789646,576.345,0.0
28789647,576.345,0.0
28789648,576.345,0.0
28789649,576.345,0.0
28789650,576.345,0.0
28789651,576.345,0.0
28789652,576.345,0.0
28789653,576.345,0.0
28789654,576.345,0.0
28789655,576.345,0.0
28789656,576.345,0.0
28789657,576.345,0.0
28789658,576.345,0.0
28789659,576.345,0.0
28789660,576.345,0.0
28789661,576.345,0.0
28789662,576.345,0.0
28789663,576.345,0.0
28789664,576.345,0.0
28789665,576.345,0.0
28789666,576.345,0.0
28789667,576.345,0.0
28789668,576.345,0.0
28789669,576.345,0.0
28789670,576.345,0.0
28789671,576.345,0.0
28789672,576.345,0.0
28789673,576.345,0.0
28789674,576.345,0.0
28789675,576.345,0.0
28789676,576.345,0.0
28789677,576.345,0.0
28789678,576.345,0.0
28789679,576.345,0.0
28789680,576.345,0.0
28789681,576.345,0.0
28789682,576.345,0.0
28789683,576.345,0.0
28789684,576.345,0.0
28789685,576.345,0.0
28789686,576.345,0.0
28789687,576.345,0.0
28789688,576.345,0.0
28789689,576.345,0.0
28789690,576.345,0.0
28789691,576.345,0.0
28789692,576.345,0.0
28789693,576.345,0.0
28789694,576.345,0.0
28789695,576.345,0.0
28789696,576.345,0.0
28789697,576.345,0.0
28789698,576.345,0.0
28789699,576.345,0.0
28789700,576.345,0.0
28789701,576.345,0.0
28789702,576.345,0.0
28789703,576.345,0.0
28789704,576.345,0.0
28789705,576.345,0.0
28789706,576.345,0.0
28789707,576.345,0.0
28789708,576.345,0.0
28789709,576.345,0.0
28789710,576.345,0.0
28789711,576.345,0.0
28789712,576.345,0.0
28789713,576.345,0.0
28789714,576.345,0.0
28789715,576.345,0.0
28789716,576.345,0.0
28789717,576.345,0.0
28789718,576.345,0.0
28789719,576.345,0.0
28789720,576.345,0.0
28789721,576.345,0.0
28789722,576.345,0.0
28789723,576.345,0.0
28789724,576.345,0.0
28789725,576.345,0.0
28789726,576.345,0.0
28789727,576.345,0.0
28789728,576.345,0.0
28789729,576.345,0.0
28789730,576.345,0.0
28789731,576.345,0.0
28789732,576.345,0.0
28789733,576.345,0.0
28789734,576.345,0.0
28789735,576.345,0.0
28789736,576.345,0.0
28789737,576.345,0.0
28789738,576.345,0.0
28789739,576.345,0.0
28789740,576.345,0.0
28789741,576.345,0.0
28789742,576.345,0.0
28789743,576.345,0.0
28789744,576.345,0.0
28789745,576.345,0.0
28789746,576.345,0.0
28789747,576.345,0.0
28789748,576.345,0.0
28789749,576.345,0.0
28789750,576.345,0.0
28789751,576.345,0.0
28789752,576.345,0.0
28789753,576.345,0.0
28789754,576.345,0.0
28789755,576.345,0.0
28789756,576.345,0.0
28789757,576.345,0.0
28789758,576.345,0.0
28789759,576.345,0.0
28789760,576.345,0.0
28789761,576.345,0.0
28789762,576.345,0.0
28789763,576.345,0.0
28789764,576.345,0.0
28789765,576.345,0.0
28789766,576.345,0.0
28789767,576.345,0.0
28789768,576.345,0.0
28789769,576.345,0.0
28789770,576.345,0.0
28789771,576.345,0.0
28789772,576.345,0.0
28789773,576.345,0.0
28789774,576.345,0.0
28789775,576.345,0.0
28789776,576.345,0.0
28789777,576.345,0.0
28789778,576.345,0.0
28789779,576.345,0.0
28789780,576.345,0.0
28789781,576.345,0.0
28789782,576.345,0.0
28789783,576.345,0.0
28789784,576.345,0.0
28789785,576.345,0.0
28789786,576.345,0.0
28789787,576.345,0.0
28789788,576.345,0.0
28789789,576.345,0.0
28789790,576.345,0.0
28789791,576.345,0.0
28789792,576.345,0.0
28789793,576.345,0.0
28789794,576.345,0.0
28789795,576.345,0.0
28789796,576.345,0.0
28789797,576.345,0.0
28789798,576.345,0.0
28789799,576.345,0.0
28789800,576.345,0.0
28789801,576.345,0.0
28789802,576.345,0.0
28789803,576.345,0.0
28789804,576.345,0.0
28789805,576.345,0.0
28789806,576.345,0.0
28789807,576.345,0.0
28789808,576.345,0.0
28789809,576.345,0.0
28789810,576.345,0.0
28789811,576.345,0.0
28789812,576.345,0.0
28789813,576.345,0.0
28789814,576.345,0.0
28789815,576.345,0.0
28789816,576.345,0.0
28789817,576.345,0.0
28789818,576.345,0.0
28789819,576.345,0.0
28789820,576.345,0.0
28789821,576.345,0.0
28789822,576.345,0.0
28789823,576.345,0.0
28789824,576.345,0.0
28789825,576.345,0.0
28789826,576.345,0.0
28789827,576.345,0.0
28789828,576.345,0.0
28789829,576.345,0.0
28789830,576.345,0.0
28789831,576.345,0.0
28789832,576.345,0.0
28789833,576.345,0.0
28789834,576.345,0.0
28789835,576.345,0.0
28789836,576.345,0.0
28789837,576.345,0.0
28789838,576.345,0.0
28789839,576.345,0.0
28789840,576.345,0.0
28789841,576.345,0.0
28789842,576.345,0.0
28789843,576.345,0.0
28789844,576.345,0.0
28789845,576.345,0.0
28789846,576.345,0.0
28789847,576.345,0.0
28789848,576.345,0.0
28789849,576.345,0.0
28789850,576.345,0.0
28789851,576.345,0.0
28789852,576.345,0.0
28789853,576.345,0.0
28789854,576.345,0.0
28789855,576.345,0.0
28789856,576.345,0.0
28789857,576.345,0.0
28789858,576.345,0.0
28789859,576.345,0.0
28789860,576.345,0.0
28789861,576.345,0.0
28789862,576.345,0.0
28789863,576.345,0.0
28789864,576.345,0.0
28789865,576.345,0.0
28789866,576.345,0.0
28789867,576.345,0.0
28789868,576.345,0.0
28789869,576.345,0.0
28789870,576.345,0.0
28789871,576.345,0.0
28789872,576.345,0.0
28789873,576.345,0.0
28789874,576.345,0.0
28789875,576.345,0.0
28789876,576.345,0.0
28789877,576.345,0.0
28789878,576.345,0.0
28789879,576.345,0.0
28789880,576.345,0.0
28789881,576.345,0.0
28789882,576.345,0.0
28789883,576.345,0.0
28789884,576.345,0.0
28789885,576.345,0.0
28789886,576.345,0.0
28789887,576.345,0.0
28789888,576.345,0.0
28789889,576.345,0.0
28789890,576.345,0.0
28789891,576.345,0.0
28789892,576.345,0.0
28789893,576.345,0.0
28789894,576.345,0.0
28789895,576.345,0.0
28789896,576.345,0.0
28789897,576.345,0.0
28789898,576.345,0.0
28789899,576.345,0.0
28789900,576.345,0.0
28789901,576.345,0.0
28789902,576.345,0.0
28789903,576.345,0.0
28789904,576.345,0.0
28789905,576.345,0.0
28789906,576.345,0.0
28789907,576.345,0.0
28789908,576.345,0.0
28789909,576.345,0.0
28789910,576.345,0.0
28789911,576.345,0.0
28789912,576.345,0.0
28789913,576.345,0.0
28789914,576.345,0.0
28789915,576.345,0.0
28789916,576.345,0.0
28789917,576.345,0.0
28789918,576.345,0.0
28789919,576.345,0.0
28789920,576.345,0.0
28789921,576.345,0.0
28789922,576.345,0.0
28789923,576.345,0.0
28789924,576.345,0.0
28789925,576.345,0.0
28789926,576.345,0.0
28789927,576.345,0.0
28789928,576.345,0.0
28789929,576.345,0.0
28789930,576.345,0.0
28789931,576.345,0.0
28789932,576.345,0.0
28789933,576.345,0.0
28789934,576.345,0.0
28789935,576.345,0.0
28789936,576.345,0.0
28789937,576.345,0.0
28789938,576.345,0.0
28789939,576.345,0.0
28789940,576.345,0.0
28789941,576.345,0.0
28789942,576.345,0.0
28789943,576.345,0.0
28789944,576.345,0.0
28789945,576.345,0.0
28789946,576.345,0.0
28789947,576.345,0.0
28789948,576.345,0.0
28789949,576.345,0.0
28789950,576.345,0.0
28789951,576.345,0.0
28789952,576.345,0.0
28789953,576.345,0.0
28789954,576.345,0.0
28789955,576.345,0.0
28789956,576.345,0.0
28789957,576.345,0.0
28789958,576.345,0.0
28789959,576.345,0.0
28789960,576.345,0.0
28789961,576.345,0.0
28789962,576.345,0.0
28789963,576.345,0.0
28789964,576.345,0.0
28789965,576.345,0.0
28789966,576.345,0.0
28789967,576.345,0.0
28789968,576.345,0.0
28789969,576.345,0.0
28789970,576.345,0.0
28789971,576.345,0.0
28789972,576.345,0.0
28789973,576.345,0.0
28789974,576.345,0.0
28789975,576.345,0.0
28789976,576.345,0.0
28789977,576.345,0.0
28789978,576.345,0.0
28789979,576.345,0.0
28789980,576.345,0.0
28789981,576.345,0.0
28789982,576.345,0.0
28789983,576.345,0.0
28789984,576.345,0.0
28789985,576.345,0.0
28789986,576.345,0.0
28789987,576.345,0.0
28789988,576.345,0.0
28789989,576.345,0.0
28789990,576.345,0.0
28789991,576.345,0.0
28789992,576.345,0.0
28789993,576.345,0.0
28789994,576.345,0.0
28789995,576.345,0.0
28789996,576.345,0.0
28789997,576.345,0.0
28789998,576.345,0.0
28789999,576.345,0.0
28790000,576.345,0.0
28790001,576.345,0.0
28790002,576.345,0.0
28790003,576.345,0.0
28790004,576.345,0.0
28790005,576.345,0.0
28790006,576.345,0.0
28790007,576.345,0.0
28790008,576.345,0.0
28790009,576.345,0.0
28790010,576.345,0.0
28790011,576.345,0.0
28790012,576.345,0.0
28790013,576.345,0.0
28790014,576.345,0.0
28790015,576.345,0.0
28790016,576.345,0.0
28790017,576.345,0.0
28790018,576.345,0.0
28790019,576.345,0.0
28790020,576.345,0.0
28790021,576.345,0.0
28790022,576.345,0.0
28790023,576.345,0.0
28790024,576.345,0.0
28790025,576.345,0.0
28790026,576.345,0.0
28790027,576.345,0.0
28790028,576.345,0.0
28790029,576.345,0.0
28790030,576.345,0.0
28790031,576.345,0.0
28790032,576.345,0.0
28790033,576.345,0.0
28790034,576.345,0.0
28790035,576.345,0.0
28790036,576.345,0.0
28790037,576.345,0.0
28790038,576.345,0.0
28790039,576.345,0.0
28790040,576.345,0.0
28790041,576.345,0.0
28790042,576.345,0.0
28790043,576.345,0.0
28790044,576.345,0.0
28790045,576.345,0.0
28790046,576.345,0.0
28790047,576.345,0.0
28790048,576.345,0.0
28790049,576.345,0.0
28790050,576.345,0.0
28790051,576.345,0.0
28790052,576.345,0.0
28790053,576.345,0.0
28790054,576.345,0.0
28790055,576.345,0.0
28790056,576.345,0.0
28790057,576.345,0.0
28790058,576.345,0.0
28790059,576.345,0.0
28790060,576.345,0.0
28790061,576.345,0.0
28790062,576.345,0.0
28790063,576.345,0.0
28790064,576.345,0.0
28790065,576.345,0.0
28790066,576.345,0.0
28790067,576.345,0.0
28790068,576.345,0.0
28790069,576.345,0.0
28790070,576.345,0.0
28790071,576.345,0.0
28790072,576.345,0.0
28790073,576.345,0.0
28790074,576.345,0.0
28790075,576.345,0.0
28790076,576.345,0.0
28790077,576.345,0.0
28790078,576.345,0.0
28790079,576.345,0.0
28790080,576.345,0.0
28790081,576.345,0.0
28790082,576.345,0.0
28790083,576.345,0.0
28790084,576.345,0.0
28790085,576.345,0.0
28790086,576.345,0.0
28790087,576.345,0.0
28790088,576.345,0.0
28790089,576.345,0.0
28790090,576.345,0.0
28790091,576.345,0.0
28790092,576.345,0.0
28790093,576.345,0.0
28790094,576.345,0.0
28790095,576.345,0.0
28790096,576.345,0.0
28790097,576.345,0.0
28790098,576.345,0.0
28790099,576.345,0.0
28790100,576.345,0.0
28790101,576.345,0.0
28790102,576.345,0.0
28790103,576.345,0.0
28790104,576.345,0.0
28790105,576.345,0.0
28790106,576.345,0.0
28790107,576.345,0.0
28790108,576.345,0.0
28790109,576.345,0.0
28790110,576.345,0.0
28790111,576.345,0.0
28790112,576.345,0.0
28790113,576.345,0.0
28790114,576.345,0.0
28790115,576.345,0.0
28790116,576.345,0.0
28790117,576.345,0.0
28790118,576.345,0.0
28790119,576.345,0.0
28790120,576.345,0.0
28790121,576.345,0.0
28790122,576.345,0.0
28790123,576.345,0.0
28790124,576.345,0.0
28790125,576.345,0.0
28790126,576.345,0.0
28790127,576.345,0.0
28790128,576.345,0.0
28790129,576.345,0.0
28790130,576.345,0.0
28790131,576.345,0.0
28790132,576.345,0.0
28790133,576.345,0.0
28790134,576.345,0.0
28790135,576.345,0.0
28790136,576.345,0.0
28790137,576.345,0.0
28790138,576.345,0.0
28790139,576.345,0.0
28790140,576.345,0.0
28790141,576.345,0.0
28790142,576.345,0.0
28790143,576.345,0.0
28790144,576.345,0.0
28790145,576.345,0.0
28790146,576.345,0.0
28790147,576.345,0.0
28790148,576.345,0.0
28790149,576.345,0.0
28790150,576.345,0.0
28790151,576.345,0.0
28790152,576.345,0.0
28790153,576.345,0.0
28790154,576.345,0.0
28790155,576.345,0.0
28790156,576.345,0.0
28790157,576.345,0.0
28790158,576.345,0.0
28790159,576.345,0.0
28790160,576.345,0.0
28790161,576.345,0.0
28790162,576.345,0.0
28790163,576.345,0.0
28790164,576.345,0.0
28790165,576.345,0.0
28790166,576.345,0.0
28790167,576.345,0.0
28790168,576.345,0.0
28790169,576.345,0.0
28790170,576.345,0.0
28790171,576.345,0.0
28790172,576.345,0.0
28790173,576.345,0.0
28790174,576.345,0.0
28790175,576.345,0.0
28790176,576.345,0.0
28790177,576.345,0.0
28790178,576.345,0.0
28790179,576.345,0.0
28790180,576.345,0.0
28790181,576.345,0.0
28790182,576.345,0.0
28790183,576.345,0.0
28790184,576.345,0.0
28790185,576.345,0.0
28790186,576.345,0.0
28790187,576.345,0.0
28790188,576.345,0.0
28790189,576.345,0.0
28790190,576.345,0.0
28790191,576.345,0.0
28790192,576.345,0.0
28790193,576.345,0.0
28790194,576.345,0.0
28790195,576.345,0.0
28790196,576.345,0.0
28790197,576.345,0.0
28790198,576.345,0.0
28790199,576.345,0.0
28790200,576.345,0.0
28790201,576.345,0.0
28790202,576.345,0.0
28790203,576.345,0.0
28790204,576.345,0.0
28790205,576.345,0.0
28790206,576.345,0.0
28790207,576.345,0.0
28790208,576.345,0.0
28790209,576.345,0.0
28790210,576.345,0.0
28790211,576.345,0.0
28790212,576.345,0.0
28790213,576.345,0.0
28790214,576.345,0.0
28790215,576.345,0.0
28790216,576.345,0.0
28790217,576.345,0.0
28790218,576.345,0.0
28790219,576.345,0.0
28790220,576.345,0.0
28790221,576.345,0.0
28790222,576.345,0.0
28790223,576.345,0.0
28790224,576.345,0.0
28790225,576.345,0.0
28790226,576.345,0.0
28790227,576.345,0.0
28790228,576.345,0.0
28790229,576.345,0.0
28790230,576.345,0.0
28790231,576.345,0.0
28790232,576.345,0.0
28790233,576.345,0.0
28790234,576.345,0.0
28790235,576.345,0.0
28790236,576.345,0.0
28790237,576.345,0.0
28790238,576.345,0.0
28790239,576.345,0.0
28790240,576.345,0.0
28790241,576.345,0.0
28790242,576.345,0.0
28790243,576.345,0.0
28790244,576.345,0.0
28790245,576.345,0.0
28790246,576.345,0.0
28790247,576.345,0.0
28790248,576.345,0.0
28790249,576.345,0.0
28790250,576.345,0.0
28790251,576.345,0.0
28790252,576.345,0.0
28790253,576.345,0.0
28790254,576.345,0.0
28790255,576.345,0.0
28790256,576.345,0.0
28790257,576.345,0.0
28790258,576.345,0.0
28790259,576.345,0.0
28790260,576.345,0.0
28790261,576.345,0.0
28790262,576.345,0.0
28790263,576.345,0.0
28790264,576.345,0.0
28790265,576.345,0.0
28790266,576.345,0.0
28790267,576.345,0.0
28790268,576.345,0.0
28790269,576.345,0.0
28790270,576.345,0.0
28790271,576.345,0.0
28790272,576.345,0.0
28790273,576.345,0.0
28790274,576.345,0.0
28790275,576.345,0.0
28790276,576.345,0.0
28790277,576.345,0.0
28790278,576.345,0.0
28790279,576.345,0.0
28790280,576.345,0.0
28790281,576.345,0.0
28790282,576.345,0.0
28790283,576.345,0.0
28790284,576.345,0.0
28790285,576.345,0.0
28790286,576.345,0.0
28790287,576.345,0.0
28790288,576.345,0.0
28790289,576.345,0.0
28790290,576.345,0.0
28790291,576.345,0.0
28790292,576.345,0.0
28790293,576.345,0.0
28790294,576.345,0.0
28790295,576.345,0.0
28790296,576.345,0.0
28790297,576.345,0.0
28790298,576.345,0.0
28790299,576.345,0.0
28790300,576.345,0.0
28790301,576.345,0.0
28790302,576.345,0.0
28790303,576.345,0.0
28790304,576.345,0.0
28790305,576.345,0.0
28790306,576.345,0.0
28790307,576.345,0.0
28790308,576.345,0.0
28790309,576.345,0.0
28790310,576.345,0.0
28790311,576.345,0.0
28790312,576.345,0.0
28790313,576.345,0.0
28790314,576.345,0.0
28790315,576.345,0.0
28790316,576.345,0.0
28790317,576.345,0.0
28790318,576.345,0.0
28790319,576.345,0.0
28790320,576.345,0.0
28790321,576.345,0.0
28790322,576.345,0.0
28790323,576.345,0.0
28790324,576.345,0.0
28790325,576.345,0.0
28790326,576.345,0.0
28790327,576.345,0.0
28790328,576.345,0.0
28790329,576.345,0.0
28790330,576.345,0.0
28790331,576.345,0.0
28790332,576.345,0.0
28790333,576.345,0.0
28790334,576.345,0.0
28790335,576.345,0.0
28790336,576.345,0.0
28790337,576.345,0.0
28790338,576.345,0.0
28790339,576.345,0.0
28790340,576.345,0.0
28790341,576.345,0.0
28790342,576.345,0.0
28790343,576.345,0.0
28790344,576.345,0.0
28790345,576.345,0.0
28790346,576.345,0.0
28790347,576.345,0.0
28790348,576.345,0.0
28790349,576.345,0.0
28790350,576.345,0.0
28790351,576.345,0.0
28790352,576.345,0.0
28790353,576.345,0.0
28790354,576.345,0.0
28790355,576.345,0.0
28790356,576.345,0.0
28790357,576.345,0.0
28790358,576.345,0.0
28790359,576.345,0.0
28790360,576.345,0.0
28790361,576.345,0.0
28790362,576.345,0.0
28790363,576.345,0.0
28790364,576.345,0.0
28790365,576.345,0.0
28790366,576.345,0.0
28790367,576.345,0.0
28790368,576.345,0.0
28790369,576.345,0.0
28790370,576.345,0.0
28790371,576.345,0.0
28790372,576.345,0.0
28790373,576.345,0.0
28790374,576.345,0.0
28790375,576.345,0.0
28790376,576.345,0.0
28790377,576.345,0.0
28790378,576.345,0.0
28790379,576.345,0.0
28790380,576.345,0.0
28790381,576.345,0.0
28790382,576.345,0.0
28790383,576.345,0.0
28790384,576.345,0.0
28790385,576.345,0.0
28790386,576.345,0.0
28790387,576.345,0.0
28790388,576.345,0.0
28790389,576.345,0.0
28790390,576.345,0.0
28790391,576.345,0.0
28790392,576.345,0.0
28790393,576.345,0.0
28790394,576.345,0.0
28790395,576.345,0.0
28790396,576.345,0.0
28790397,576.345,0.0
28790398,576.345,0.0
28790399,576.345,0.0
28790400,576.345,0.0
28790401,576.345,0.0
28790402,576.345,0.0
28790403,576.345,0.0
28790404,576.345,0.0
28790405,576.345,0.0
28790406,576.345,0.0
28790407,576.345,0.0
28790408,576.345,0.0
28790409,576.345,0.0
28790410,576.345,0.0
28790411,576.345,0.0
28790412,576.345,0.0
28790413,576.345,0.0
28790414,576.345,0.0
28790415,576.345,0.0
28790416,576.345,0.0
28790417,576.345,0.0
28790418,576.345,0.0
28790419,576.345,0.0
28790420,576.345,0.0
28790421,576.345,0.0
28790422,576.345,0.0
28790423,576.345,0.0
28790424,576.345,0.0
28790425,576.345,0.0
28790426,576.345,0.0
28790427,576.345,0.0
28790428,576.345,0.0
28790429,576.345,0.0
28790430,576.345,0.0
28790431,576.345,0.0
28790432,576.345,0.0
28790433,576.345,0.0
28790434,576.345,0.0
28790435,576.345,0.0
28790436,576.345,0.0
28790437,576.345,0.0
28790438,576.345,0.0
28790439,576.345,0.0
28790440,576.345,0.0
28790441,576.345,0.0
28790442,576.345,0.0
28790443,576.345,0.0
28790444,576.345,0.0
28790445,576.345,0.0
28790446,576.345,0.0
28790447,576.345,0.0
28790448,576.345,0.0
28790449,576.345,0.0
28790450,576.345,0.0
28790451,576.345,0.0
28790452,576.345,0.0
28790453,576.345,0.0
28790454,576.345,0.0
28790455,576.345,0.0
28790456,576.345,0.0
28790457,576.345,0.0
28790458,576.345,0.0
28790459,576.345,0.0
28790460,576.345,0.0
28790461,576.345,0.0
28790462,576.345,0.0
28790463,576.345,0.0
28790464,576.345,0.0
28790465,576.345,0.0
28790466,576.345,0.0
28790467,576.345,0.0
28790468,576.345,0.0
28790469,576.345,0.0
28790470,576.345,0.0
28790471,576.345,0.0
28790472,576.345,0.0
28790473,576.345,0.0
28790474,576.345,0.0
28790475,576.345,0.0
28790476,576.345,0.0
28790477,576.345,0.0
28790478,576.345,0.0
28790479,576.345,0.0
28790480,576.345,0.0
28790481,576.345,0.0
28790482,576.345,0.0
28790483,576.345,0.0
28790484,576.345,0.0
28790485,576.345,0.0
28790486,576.345,0.0
28790487,576.345,0.0
28790488,576.345,0.0
28790489,576.345,0.0
28790490,576.345,0.0
28790491,576.345,0.0
28790492,576.345,0.0
28790493,576.345,0.0
28790494,576.345,0.0
28790495,576.345,0.0
28790496,576.345,0.0
28790497,576.345,0.0
28790498,576.345,0.0
28790499,576.345,0.0
28790500,576.345,0.0
28790501,576.345,0.0
28790502,576.345,0.0
28790503,576.345,0.0
28790504,576.345,0.0
28790505,576.345,0.0
28790506,576.345,0.0
28790507,576.345,0.0
28790508,576.345,0.0
28790509,576.345,0.0
28790510,576.345,0.0
28790511,576.345,0.0
28790512,576.345,0.0
28790513,576.345,0.0
28790514,576.345,0.0
28790515,576.345,0.0
28790516,576.345,0.0
28790517,576.345,0.0
28790518,576.345,0.0
28790519,576.345,0.0
28790520,576.345,0.0
28790521,576.345,0.0
28790522,576.345,0.0
28790523,576.345,0.0
28790524,576.345,0.0
28790525,576.345,0.0
28790526,576.345,0.0
28790527,576.345,0.0
28790528,576.345,0.0
28790529,576.345,0.0
28790530,576.345,0.0
28790531,576.345,0.0
28790532,576.345,0.0
28790533,576.345,0.0
28790534,576.345,0.0
28790535,576.345,0.0
28790536,576.345,0.0
28790537,576.345,0.0
28790538,576.345,0.0
28790539,576.345,0.0
28790540,576.345,0.0
28790541,576.345,0.0
28790542,576.345,0.0
28790543,576.345,0.0
28790544,576.345,0.0
28790545,576.345,0.0
28790546,576.345,0.0
28790547,576.345,0.0
28790548,576.345,0.0
28790549,576.345,0.0
28790550,576.345,0.0
28790551,576.345,0.0
28790552,576.345,0.0
28790553,576.345,0.0
28790554,576.345,0.0
28790555,576.345,0.0
28790556,576.345,0.0
28790557,576.345,0.0
28790558,576.345,0.0
28790559,576.345,0.0
28790560,576.345,0.0
28790561,576.345,0.0
28790562,576.345,0.0
28790563,576.345,0.0
28790564,576.345,0.0
28790565,576.345,0.0
28790566,576.345,0.0
28790567,576.345,0.0
28790568,576.345,0.0
28790569,576.345,0.0
28790570,576.345,0.0
28790571,576.345,0.0
28790572,576.345,0.0
28790573,576.345,0.0
28790574,576.345,0.0
28790575,576.345,0.0
28790576,576.345,0.0
28790577,576.345,0.0
28790578,576.345,0.0
28790579,576.345,0.0
28790580,576.345,0.0
28790581,576.345,0.0
28790582,576.345,0.0
28790583,576.345,0.0
28790584,576.345,0.0
28790585,576.345,0.0
28790586,576.345,0.0
28790587,576.345,0.0
28790588,576.345,0.0
28790589,576.345,0.0
28790590,576.345,0.0
28790591,576.345,0.0
28790592,576.345,0.0
28790593,576.345,0.0
28790594,576.345,0.0
28790595,576.345,0.0
28790596,576.345,0.0
28790597,576.345,0.0
28790598,576.345,0.0
28790599,576.345,0.0
28790600,576.345,0.0
28790601,576.345,0.0
28790602,576.345,0.0
28790603,576.345,0.0
28790604,576.345,0.0
28790605,576.345,0.0
28790606,576.345,0.0
28790607,576.345,0.0
28790608,576.345,0.0
28790609,576.345,0.0
28790610,576.345,0.0
28790611,576.345,0.0
28790612,576.345,0.0
28790613,576.345,0.0
28790614,576.345,0.0
28790615,576.345,0.0
28790616,576.345,0.0
28790617,576.345,0.0
28790618,576.345,0.0
28790619,576.345,0.0
28790620,576.345,0.0
28790621,576.345,0.0
28790622,576.345,0.0
28790623,576.345,0.0
28790624,576.345,0.0
28790625,576.345,0.0
28790626,576.345,0.0
28790627,576.345,0.0
28790628,576.345,0.0
28790629,576.345,0.0
28790630,576.345,0.0
28790631,576.345,0.0
28790632,576.345,0.0
28790633,576.345,0.0
28790634,576.345,0.0
28790635,576.345,0.0
28790636,576.345,0.0
28790637,576.345,0.0
28790638,576.345,0.0
28790639,576.345,0.0
28790640,576.345,0.0
28790641,576.345,0.0
28790642,576.345,0.0
28790643,576.345,0.0
28790644,576.345,0.0
28790645,576.345,0.0
28790646,576.345,0.0
28790647,576.345,0.0
28790648,576.345,0.0
28790649,576.345,0.0
28790650,576.345,0.0
28790651,576.345,0.0
28790652,576.345,0.0
28790653,576.345,0.0
28790654,576.345,0.0
28790655,576.345,0.0
28790656,576.345,0.0
28790657,576.345,0.0
28790658,576.345,0.0
28790659,576.345,0.0
28790660,576.345,0.0
28790661,576.345,0.0
28790662,576.345,0.0
28790663,576.345,0.0
28790664,576.345,0.0
28790665,576.345,0.0
28790666,576.345,0.0
28790667,576.345,0.0
28790668,576.345,0.0
28790669,576.345,0.0
28790670,576.345,0.0
28790671,576.345,0.0
28790672,576.345,0.0
28790673,576.345,0.0
28790674,576.345,0.0
28790675,576.345,0.0
28790676,576.345,0.0
28790677,576.345,0.0
28790678,576.345,0.0
28790679,576.345,0.0
28790680,576.345,0.0
28790681,576.345,0.0
28790682,576.345,0.0
28790683,576.345,0.0
28790684,576.345,0.0
28790685,576.345,0.0
28790686,576.345,0.0
28790687,576.345,0.0
28790688,576.345,0.0
28790689,576.345,0.0
28790690,576.345,0.0
28790691,576.345,0.0
28790692,576.345,0.0
28790693,576.345,0.0
28790694,576.345,0.0
28790695,576.345,0.0
28790696,576.345,0.0
28790697,576.345,0.0
28790698,576.345,0.0
28790699,576.345,0.0
28790700,576.345,0.0
28790701,576.345,0.0
28790702,576.345,0.0
28790703,576.345,0.0
28790704,576.345,0.0
28790705,576.345,0.0
28790706,576.345,0.0
28790707,576.345,0.0
28790708,576.345,0.0
28790709,576.345,0.0
28790710,576.345,0.0
28790711,576.345,0.0
28790712,576.345,0.0
28790713,576.345,0.0
28790714,576.345,0.0
28790715,576.345,0.0
28790716,576.345,0.0
28790717,576.345,0.0
28790718,576.345,0.0
28790719,576.345,0.0
28790720,576.345,0.0
28790721,576.345,0.0
28790722,576.345,0.0
28790723,576.345,0.0
28790724,576.345,0.0
28790725,576.345,0.0
28790726,576.345,0.0
28790727,576.345,0.0
28790728,576.345,0.0
28790729,576.345,0.0
28790730,576.345,0.0
28790731,576.345,0.0
28790732,576.345,0.0
28790733,576.345,0.0
28790734,576.345,0.0
28790735,576.345,0.0
28790736,576.345,0.0
28790737,576.345,0.0
28790738,576.345,0.0
28790739,576.345,0.0
28790740,576.345,0.0
28790741,576.345,0.0
28790742,576.345,0.0
28790743,576.345,0.0
28790744,576.345,0.0
28790745,576.345,0.0
28790746,576.345,0.0
28790747,576.345,0.0
28790748,576.345,0.0
28790749,576.345,0.0
28790750,576.345,0.0
28790751,576.345,0.0
28790752,576.345,0.0
28790753,576.345,0.0
28790754,576.345,0.0
28790755,576.345,0.0
28790756,576.345,0.0
28790757,576.345,0.0
28790758,576.345,0.0
28790759,576.345,0.0
28790760,576.345,0.0
28790761,576.345,0.0
28790762,576.345,0.0
28790763,576.345,0.0
28790764,576.345,0.0
28790765,576.345,0.0
28790766,576.345,0.0
28790767,576.345,0.0
28790768,576.345,0.0
28790769,576.345,0.0
28790770,576.345,0.0
28790771,576.345,0.0
28790772,576.345,0.0
28790773,576.345,0.0
28790774,576.345,0.0
28790775,576.345,0.0
28790776,576.345,0.0
28790777,576.345,0.0
28790778,576.345,0.0
28790779,576.345,0.0
28790780,576.345,0.0
28790781,576.345,0.0
28790782,576.345,0.0
28790783,576.345,0.0
28790784,576.345,0.0
28790785,576.345,0.0
28790786,576.345,0.0
28790787,576.345,0.0
28790788,576.345,0.0
28790789,576.345,0.0
28790790,576.345,0.0
28790791,576.345,0.0
28790792,576.345,0.0
28790793,576.345,0.0
28790794,576.345,0.0
28790795,576.345,0.0
28790796,576.345,0.0
28790797,576.345,0.0
28790798,576.345,0.0
28790799,576.345,0.0
28790800,576.345,0.0
28790801,576.345,0.0
28790802,576.345,0.0
28790803,576.345,0.0
28790804,576.345,0.0
28790805,576.345,0.0
28790806,576.345,0.0
28790807,576.345,0.0
28790808,576.345,0.0
28790809,576.345,0.0
28790810,576.345,0.0
28790811,576.345,0.0
28790812,576.345,0.0
28790813,576.345,0.0
28790814,576.345,0.0
28790815,576.345,0.0
28790816,576.345,0.0
28790817,576.345,0.0
28790818,576.345,0.0
28790819,576.345,0.0
28790820,576.345,0.0
28790821,576.345,0.0
28790822,576.345,0.0
28790823,576.345,0.0
28790824,576.345,0.0
28790825,576.345,0.0
28790826,576.345,0.0
28790827,576.345,0.0
28790828,576.345,0.0
28790829,576.345,0.0
28790830,576.345,0.0
28790831,576.345,0.0
28790832,576.345,0.0
28790833,576.345,0.0
28790834,576.345,0.0
28790835,576.345,0.0
28790836,576.345,0.0
28790837,576.345,0.0
28790838,576.345,0.0
28790839,576.345,0.0
28790840,576.345,0.0
28790841,576.345,0.0
28790842,576.345,0.0
28790843,576.345,0.0
28790844,576.345,0.0
28790845,576.345,0.0
28790846,576.345,0.0
28790847,576.345,0.0
28790848,576.345,0.0
28790849,576.345,0.0
28790850,576.345,0.0
28790851,576.345,0.0
28790852,576.345,0.0
28790853,576.345,0.0
28790854,576.345,0.0
28790855,576.345,0.0
28790856,576.345,0.0
28790857,576.345,0.0
28790858,576.345,0.0
28790859,576.345,0.0
28790860,576.345,0.0
28790861,576.345,0.0
28790862,576.345,0.0
28790863,576.345,0.0
28790864,576.345,0.0
28790865,576.345,0.0
28790866,576.345,0.0
28790867,576.345,0.0
28790868,576.345,0.0
28790869,576.345,0.0
28790870,576.345,0.0
28790871,576.345,0.0
28790872,576.345,0.0
28790873,576.345,0.0
28790874,576.345,0.0
28790875,576.345,0.0
28790876,576.345,0.0
28790877,576.345,0.0
28790878,576.345,0.0
28790879,576.345,0.0
28790880,576.345,0.0
28790881,576.345,0.0
28790882,576.345,0.0
28790883,576.345,0.0
28790884,576.345,0.0
28790885,576.345,0.0
28790886,576.345,0.0
28790887,576.345,0.0
28790888,576.345,0.0
28790889,576.345,0.0
28790890,576.345,0.0
28790891,576.345,0.0
28790892,576.345,0.0
28790893,576.345,0.0
28790894,576.345,0.0
28790895,576.345,0.0
28790896,576.345,0.0
28790897,576.345,0.0
28790898,576.345,0.0
28790899,576.345,0.0
28790900,576.345,0.0
28790901,576.345,0.0
28790902,576.345,0.0
28790903,576.345,0.0
28790904,576.345,0.0
28790905,576.345,0.0
28790906,576.345,0.0
28790907,576.345,0.0
28790908,576.345,0.0
28790909,576.345,0.0
28790910,576.345,0.0
28790911,576.345,0.0
28790912,576.345,0.0
28790913,576.345,0.0
28790914,576.345,0.0
28790915,576.345,0.0
28790916,576.345,0.0
28790917,576.345,0.0
28790918,576.345,0.0
28790919,576.345,0.0
28790920,576.345,0.0
28790921,576.345,0.0
28790922,576.345,0.0
28790923,576.345,0.0
28790924,576.345,0.0
28790925,576.345,0.0
28790926,576.345,0.0
28790927,576.345,0.0
28790928,576.345,0.0
28790929,576.345,0.0
28790930,576.345,0.0
28790931,576.345,0.0
28790932,576.345,0.0
28790933,576.345,0.0
28790934,576.345,0.0
28790935,576.345,0.0
28790936,576.345,0.0
28790937,576.345,0.0
28790938,576.345,0.0
28790939,576.345,0.0
28790940,576.345,0.0
28790941,576.345,0.0
28790942,576.345,0.0
28790943,576.345,0.0
28790944,576.345,0.0
28790945,576.345,0.0
28790946,576.345,0.0
28790947,576.345,0.0
28790948,576.345,0.0
28790949,576.345,0.0
28790950,576.345,0.0
28790951,576.345,0.0
28790952,576.345,0.0
28790953,576.345,0.0
28790954,576.345,0.0
28790955,576.345,0.0
28790956,576.345,0.0
28790957,576.345,0.0
28790958,576.345,0.0
28790959,576.345,0.0
28790960,576.345,0.0
28790961,576.345,0.0
28790962,576.345,0.0
28790963,576.345,0.0
28790964,576.345,0.0
28790965,576.345,0.0
28790966,576.345,0.0
28790967,576.345,0.0
28790968,576.345,0.0
28790969,576.345,0.0
28790970,576.345,0.0
28790971,576.345,0.0
28790972,576.345,0.0
28790973,576.345,0.0
28790974,576.345,0.0
28790975,576.345,0.0
28790976,576.345,0.0
28790977,576.345,0.0
28790978,576.345,0.0
28790979,576.345,0.0
28790980,576.345,0.0
28790981,576.345,0.0
28790982,576.345,0.0
28790983,576.345,0.0
28790984,576.345,0.0
28790985,576.345,0.0
28790986,576.345,0.0
28790987,576.345,0.0
28790988,576.345,0.0
28790989,576.345,0.0
28790990,576.345,0.0
28790991,576.345,0.0
28790992,576.345,0.0
28790993,576.345,0.0
28790994,576.345,0.0
28790995,576.345,0.0
28790996,576.345,0.0
28790997,576.345,0.0
28790998,576.345,0.0
28790999,576.345,0.0
28791000,576.345,0.0
28791001,576.345,0.0
28791002,576.345,0.0
28791003,576.345,0.0
28791004,576.345,0.0
28791005,576.345,0.0
28791006,576.345,0.0
28791007,576.345,0.0
28791008,576.345,0.0
28791009,576.345,0.0
28791010,576.345,0.0
28791011,576.345,0.0
28791012,576.345,0.0
28791013,576.345,0.0
28791014,576.345,0.0
28791015,576.345,0.0
28791016,576.345,0.0
28791017,576.345,0.0
28791018,576.345,0.0
28791019,576.345,0.0
28791020,576.345,0.0
28791021,576.345,0.0
28791022,576.345,0.0
28791023,576.345,0.0
28791024,576.345,0.0
28791025,576.345,0.0
28791026,576.345,0.0
